mij_mii,mij
1,.6360779
.2421334,.1540157
.0000338,.0000215
.0176429,.0112222
.0000338,.0000215
.0000338,.0000215
.0000676,.000043
.0075709,.0048157
.0000338,.0000215
.0005408,.000344
.0000676,.000043
.0270051,.0171773
.0000696,.0000443
.000169,.0001075
.0000602,.0000383
.0001014,.0000645
.0000338,.0000215
.0003718,.0002365
.0000338,.0000215
.000845,.0005375
.0000755,.0000481
.0003718,.0002365
.0000676,.000043
.0004732,.000301
.0006674,.0004245
.0007098,.0004515
.0001327,.0000844
.0004056,.000258
.0000676,.000043
.0007436,.000473
.0018251,.0011609
.0505965,.0321833
.0002144,.0001363
.0006084,.000387
.0000608,.0000387
.0007774,.0004945
.0000338,.0000215
.0010816,.000688
.0000596,.0000379
.0002028,.000129
.0000521,.0000332
.000338,.000215
.0001352,.000086
.0018251,.0011609
.0072667,.0046222
.1446581,.0920138
.0000676,.000043
.0004394,.0002795
.0000338,.0000215
.0012505,.0007954
.0000861,.0000548
.0001014,.0000645
.0002366,.0001505
.0103762,.0066001
.0005408,.000344
.0011154,.0007095
.0000338,.0000215
.0005746,.0003655
.0007436,.000473
.0462365,.02941
.0660391,.0543147
1,.8224637
.0001405,.0001156
.0137698,.0113252
.0000601,.0000495
.000281,.0002311
.0002133,.0001754
.0028102,.0023113
.0001048,.0000862
.000281,.0002311
.0001405,.0001156
.0259941,.0213792
.000084,.0000691
.0008431,.0006934
.0000727,.0000598
.0004215,.0003467
.0000715,.0000588
.0015456,.0012712
.0002584,.0002125
.000281,.0002311
.0001405,.0001156
.0002735,.000225
.0006875,.0005654
.000281,.0002311
.0008058,.0006627
.0004215,.0003467
.0001602,.0001318
.0001405,.0001156
.0003604,.0002964
.0004215,.0003467
.0007025,.0005778
.0113812,.0093606
.0002588,.0002129
.0004215,.0003467
.0000734,.0000604
.0004215,.0003467
.000154,.0001267
.000562,.0004623
.000072,.0000592
.0008431,.0006934
.0000629,.0000518
.0004215,.0003467
.0011535,.0009487
.0028102,.0023113
.0004215,.0003467
.0619643,.0509634
.0001473,.0001211
.0015456,.0012712
.0003629,.0002984
.0001405,.0001156
.000104,.0000855
.0004215,.0003467
.0001685,.0001386
.0040748,.0033513
.0002589,.000213
.0001405,.0001156
.0001164,.0000957
.0008431,.0006934
.0014,.0011515
.0073064,.0060093
.0000279,9.30e-06
.0000735,.0000245
1,.332919
1.80331,.6003561
6.60e-06,2.20e-06
.0000253,8.43e-06
8.47e-06,2.82e-06
.0001149,.0000383
.0000346,.0000115
.0000705,.0000235
.0000249,8.29e-06
.0012731,.0004238
7.19e-06,2.39e-06
.0000284,9.47e-06
7.63e-06,2.54e-06
.0000297,9.88e-06
7.18e-06,2.39e-06
.0000427,.0000142
.0006365,.0002119
.0043263,.0014403
.0000792,.0000264
.0002374,.000079
.0000429,.0000143
.0000912,.0000304
.0000232,7.74e-06
.0000527,.0000175
7.61e-06,2.53e-06
.0000277,9.22e-06
.0007436,.0002475
.0014574,.0004852
.0000648,.0000216
.0006365,.0002119
6.26e-06,2.08e-06
.0000223,7.41e-06
.000075,.000025
.0006365,.0002119
.000255,.0000849
.0006365,.0002119
.0000346,.0000115
.0001095,.0000365
.0000221,7.37e-06
.0001044,.0000348
.0003372,.0001122
.0012209,.0004065
.0000265,8.84e-06
.0006365,.0002119
.0000329,.0000109
.0001788,.0000595
.0002861,.0000952
.0007708,.0002566
.0000155,5.17e-06
.0000394,.0000131
.0055073,.0018335
.1785599,.059446
.0000997,.0000332
.0001321,.000044
.000017,5.66e-06
.0000745,.0000248
.0000332,.000011
.0003436,.0001144
.0000322,.000031
.0000846,.0000815
.0101843,.0098084
1,.9630936
7.60e-06,7.32e-06
.0011639,.001121
9.75e-06,9.39e-06
.0001322,.0001274
.0000398,.0000383
.000097,.0000934
.0000287,.0000276
.0038797,.0037365
8.28e-06,7.97e-06
.000388,.0003737
8.78e-06,8.46e-06
.000388,.0003737
8.26e-06,7.95e-06
.000194,.0001868
.000194,.0001868
.0018429,.0017749
.0000911,.0000877
.0002732,.0002631
.0000493,.0000475
.000097,.0000934
.0000267,.0000258
.000097,.0000934
8.76e-06,8.43e-06
.000194,.0001868
.0008554,.0008239
.0010669,.0010275
.0000746,.0000718
.000097,.0000934
7.20e-06,6.93e-06
.000097,.0000934
.000097,.0000934
.000388,.0003737
.0002934,.0002825
.000291,.0002802
.0000398,.0000383
.000097,.0000934
.0000255,.0000245
.000194,.0001868
.0003879,.0003736
.000194,.0001868
.0000305,.0000294
.0034918,.0033629
.0000378,.0000364
.000388,.0003737
.0003291,.000317
.000582,.0005605
.0000179,.0000172
.000291,.0002802
.006336,.0061022
.0023278,.0022419
.0001147,.0001105
.000097,.0000934
.0000196,.0000188
.000097,.0000934
.0000381,.0000367
.000388,.0003737
.0000465,.0000335
.000093,.000067
.000093,.000067
.0033939,.0024467
1,.7209119
.2035892,.1467699
.0003254,.0002346
.0141336,.0101891
.000093,.000067
.0001395,.0001006
.0015807,.0011396
.0907527,.0654247
.0003467,.0002499
.0003719,.0002681
.000279,.0002011
.0021386,.0015418
.0001395,.0001006
.0003719,.0002681
.000076,.0000548
.000093,.000067
.0000461,.0000332
.0001383,.0000997
.0001319,.0000951
.000186,.0001341
.0003719,.0002681
.0029755,.0021451
.0003807,.0002745
.0013483,.000972
.0002211,.0001594
.0001395,.0001006
.0001395,.0001006
.0041843,.0030165
.0000827,.0000596
.0001395,.0001006
.0000305,.000022
.0000465,.0000335
.0000483,.0000348
.0004649,.0003352
.0001839,.0001326
.0001395,.0001006
.0002587,.0001865
.0003254,.0002346
.0000465,.0000335
.000279,.0002011
.000186,.0001341
.0187828,.0135408
.0002325,.0001676
.0025571,.0018434
.0000465,.0000335
.0006044,.0004357
.0006974,.0005028
.0021851,.0015753
.0000462,.0000333
.0019527,.0014077
.0013018,.0009385
.0027895,.002011
.0005114,.0003687
.0079502,.0057314
.0000465,.0000335
.0168767,.0121666
.0000806,.0000699
.00034,.000295
.0000397,.0000345
.0066304,.0057523
.0630738,.0547202
1,.8675593
.0000704,.0000611
.0017001,.0014749
.0004128,.0003581
.00017,.0001475
.000486,.0004217
.0413125,.035841
.0003142,.0002726
.00051,.0004425
.0013899,.0012058
.0015301,.0013274
.0001551,.0001346
.0010201,.000885
.0000689,.0000598
.00034,.000295
.0000418,.0000363
.0001253,.0001087
.0001195,.0001037
.0002543,.0002206
.0004367,.0003789
.0027202,.0023599
.0003451,.0002994
.00051,.0004425
.0002004,.0001738
.00034,.000295
.00017,.0001475
.0013601,.00118
.0000749,.000065
.0002667,.0002314
.0000276,.000024
.0001165,.0001011
.0000438,.000038
.00017,.0001475
.0001667,.0001446
.0005281,.0004582
.00017,.0001475
.00051,.0004425
.0001129,.0000979
.00034,.000295
.0000568,.0000493
.0085005,.0073747
.0004241,.0003679
.00051,.0004425
.0002005,.0001739
.00017,.0001475
.00034,.000295
.0057803,.0050148
.0000419,.0000363
.0010201,.000885
.00034,.000295
.00068,.00059
.0009201,.0007982
.0030602,.0026549
.0001189,.0001031
.0017001,.0014749
.0003554,.0001736
.0002015,.0000984
.0006045,.0002953
.0074552,.0036423
.0001007,.0000492
.0005037,.0002461
1,.4885574
.898247,.4388452
.0001068,.0000522
.000806,.0003938
.0010075,.0004922
.0639734,.0312547
.0004091,.0001999
.0011082,.0005414
.0001783,.0000871
.0014104,.0006891
.0001007,.0000492
.0013097,.0006399
.0001063,.0000519
.0003467,.0001694
.0001052,.0000514
.0003022,.0001477
.0001349,.0000659
.000403,.0001969
.0004526,.0002211
.0012089,.0005906
.0004384,.0002142
.000806,.0003938
.0002898,.0001416
.0014104,.0006891
.0001007,.0000492
.005541,.0027071
.0003022,.0001477
.0009067,.000443
.000074,.0000361
.0002015,.0000984
.0001154,.0000564
.000806,.0003938
.0000616,.0000301
.0002015,.0000984
.0000774,.0000378
.0005037,.0002461
.0002015,.0000984
.0012089,.0005906
.000806,.0003938
.0279065,.0136339
.0001003,.000049
.0013097,.0006399
.0001607,.0000785
.0012089,.0005906
.0002015,.0000984
.0005037,.0002461
.000076,.0000372
.0050373,.002461
.0004364,.0002132
.0009067,.000443
.0003025,.0001478
.0040298,.0019688
.0003022,.0001477
.0093693,.0045775
.0002609,.0002327
.0008026,.0007159
.0000465,.0000415
.0048154,.0042955
.0000643,.0000573
.0010032,.0008949
.0391252,.0349006
1,.8920241
.0000784,.0000699
.0001599,.0001426
.0036575,.0032626
.0250803,.0223722
.0003003,.0002679
.0014045,.0012528
.0001309,.0001168
.0018058,.0016108
.0003316,.0002958
.0010032,.0008949
.000078,.0000696
.0004013,.000358
.0000772,.0000689
.0014045,.0012528
.0000991,.0000884
.0002006,.000179
.0003323,.0002964
.0006019,.0005369
.0003219,.0002871
.0004013,.000358
.0002128,.0001898
.0006019,.0005369
.0004519,.0004031
.0022071,.0019688
.0009196,.0008203
.0010032,.0008949
.0000543,.0000485
.000229,.0002043
.0000847,.0000756
.0008026,.0007159
.0000452,.0000404
.0001434,.0001279
.0000568,.0000507
.000268,.0002391
.0002056,.0001834
.0002006,.000179
.0005459,.000487
.0184591,.0164659
.0000736,.0000657
.0004013,.000358
.000118,.0001052
.0003178,.0002835
.0001169,.0001043
.0010032,.0008949
.0000558,.0000498
.0022071,.0019688
.0003204,.0002858
.0002006,.000179
.0002221,.0001981
.0014045,.0012528
.002519,.002247
.0016051,.0014318
.0000256,.0000226
.0000656,.000058
.0000769,.0000679
.0021012,.0018571
.0000733,.0000648
.0002808,.0002482
.0000152,.0000135
.00041,.0003624
1,.8838352
.0990365,.087532
.0000756,.0000668
.0051504,.0045521
.0000334,.0000295
.0001321,.0001168
.0000604,.0000534
.0002347,.0002075
.0000278,.0000245
.0001652,.000146
.0000574,.0000507
.0000512,.0000453
.0000331,.0000293
.0000993,.0000878
.0000481,.0000425
.0000256,.0000226
.0000628,.0000555
.0001537,.0001359
.0000282,.000025
.0001027,.0000908
.0012299,.0010871
.0025368,.0022421
.0000512,.0000453
.0002819,.0002491
.0000128,.0000113
.0000454,.0000401
.000021,.0000186
.0000886,.0000783
.0000256,.0000226
.0000769,.0000679
.0008456,.0007474
.0010506,.0009285
.0000256,.0000226
.0018705,.0016533
.0000256,.0000226
.0000256,.0000226
.0000197,.0000174
.0022037,.0019477
.0002306,.0002038
.00082,.0007247
.0000256,.0000226
.0000512,.0000453
.0002742,.0002424
.000205,.0001812
.0000256,.0000226
.003408,.0030121
.0024855,.0021968
.0036386,.0032159
.0001475,.0001303
.0006469,.0005717
.0000512,.0000453
.0003587,.0003171
.0000387,.0000332
.0001019,.0000874
.0001352,.000116
.0071631,.0061468
.0001138,.0000977
.0004363,.0003744
.0000237,.0000203
.0001352,.000116
.1239357,.1063511
1,.8581154
.0001175,.0001008
.0067577,.0057989
.0000519,.0000446
.0004055,.0003479
.0000938,.0000805
.0003647,.000313
.0000431,.000037
.0002566,.0002202
.0000892,.0000765
.0002909,.0002497
.0000515,.0000442
.0001543,.0001324
.0000748,.0000642
.0001352,.000116
.0000975,.0000837
.0001352,.000116
.0000439,.0000377
.0001352,.000116
.0003554,.0003049
.0006758,.0005799
.0000582,.0000499
.0005406,.0004639
.0000198,.000017
.0000706,.0000606
.0000327,.000028
.0001376,.0001181
.0000503,.0000432
.0001352,.000116
.0001352,.000116
.0010812,.0009278
.0017575,.0015081
.0039194,.0033633
.0000986,.0000846
.0002703,.000232
.0000306,.0000263
.0045952,.0039432
.0001352,.000116
.0009461,.0008118
.0003158,.000271
.0001352,.000116
.0004261,.0003656
.0005406,.0004639
.0000533,.0000458
.0039194,.0033633
.0005406,.0004639
.0012164,.0010438
.0002292,.0001966
.0004055,.0003479
.0000539,.0000463
.0010812,.0009278
.0000113,7.12e-06
.0000298,.0000187
3.35e-06,2.10e-06
.0003358,.000211
.0000292,.0000183
.0000146,9.17e-06
.0000292,.0000183
.0002044,.0001284
9.51e-06,5.98e-06
.0000194,.0000122
1,.6283625
.5862814,.3683972
.0001022,.0000642
.0003212,.0002018
.0000292,.0000183
.0001325,.0000832
.0001168,.0000734
.0011534,.0007248
5.50e-06,3.46e-06
.0000179,.0000113
5.70e-06,3.58e-06
.0000171,.0000107
6.98e-06,4.39e-06
.0000292,.0000183
.0000146,9.17e-06
.0000876,.000055
.0000292,.0000183
.0001022,.0000642
.0000172,.0000108
.0000337,.0000211
.0000174,.0000109
.0001314,.0000826
.0000146,9.17e-06
.0001898,.0001193
3.76e-06,2.36e-06
.0000158,9.95e-06
5.51e-06,3.46e-06
.0000292,.0000183
4.94e-06,3.10e-06
.0000156,9.83e-06
7.32e-06,4.60e-06
.0000345,.0000217
.0000119,7.46e-06
.000073,.0000459
.000015,9.44e-06
.0007738,.0004862
.0000146,9.17e-06
.0000584,.0000367
9.76e-06,6.13e-06
.0000876,.000055
.0000146,9.17e-06
.0001022,.0000642
3.80e-06,2.39e-06
.0001168,.0000734
.0000146,9.17e-06
.0000146,9.17e-06
.0000292,.0000183
.0002044,.0001284
.0000438,.0000275
.0001898,.0001193
.0000184,.0000174
.0000484,.0000457
5.44e-06,5.13e-06
.0011128,.0010506
.0000247,.0000233
.0000742,.00007
.0000495,.0000467
.0003957,.0003735
.0000155,.0000146
.0000315,.0000298
.0512402,.0483747
1,.944077
.0003074,.0002902
.0003215,.0003035
.0000553,.0000522
.0001236,.0001167
.0000989,.0000934
.0007914,.0007471
8.94e-06,8.44e-06
.0000247,.0000233
9.25e-06,8.73e-06
.0000495,.0000467
.0000113,.0000107
.0001731,.0001634
.0000429,.0000405
.0001236,.0001167
.0000882,.0000832
.0003709,.0003502
.0000279,.0000263
.0000989,.0000934
.0000282,.0000266
.0002226,.0002101
.0000592,.0000559
.0001731,.0001634
6.10e-06,5.76e-06
.0000257,.0000243
.0000247,.0000233
.0000742,.00007
8.02e-06,7.57e-06
.0000247,.0000233
.0000119,.0000112
.0001236,.0001167
.0000193,.0000182
.0000247,.0000233
.0000244,.000023
.0013354,.0012607
.0000127,.000012
.0000989,.0000934
.0000159,.000015
.0001236,.0001167
.0000325,.0000307
.0000247,.0000233
6.17e-06,5.83e-06
.0004699,.0004436
.0000651,.0000615
.0000247,.0000233
.0000886,.0000837
.0000989,.0000934
.0000711,.0000672
.0001731,.0001634
.0000307,.0000219
.0002647,.0001889
.0000118,8.41e-06
.0005293,.0003779
.0000756,.000054
.0000756,.000054
.0002647,.0001889
.0011721,.0008367
.0000513,.0000366
.0001046,.0000746
.0105864,.0075576
.2019736,.1441875
1,.7138925
.1716889,.1225674
.0000756,.000054
.0004537,.0003239
.0009452,.0006748
.0016636,.0011876
.0000378,.000027
.000063,.000045
.0000187,.0000133
.0000561,.00004
.0000378,.000027
.0000533,.0000381
.0000378,.000027
.0000378,.000027
.0002299,.0001641
.0006427,.0004589
.0000634,.0000453
.0001134,.000081
.0000378,.000027
.0008318,.0005938
.0000378,.000027
.0002269,.0001619
.000012,8.60e-06
.0000508,.0000362
.0000175,.0000125
.0001134,.000081
.0000242,.0000173
.0000768,.0000548
.0000406,.000029
.0000378,.000027
.0000371,.0000265
.0001344,.0000959
.0000378,.000027
.0014745,.0010527
.0000386,.0000276
.0002101,.00015
.0000378,.000027
.0001048,.0000748
.0000378,.000027
.0004082,.0002914
.0000129,9.24e-06
.0002647,.0001889
.0001908,.0001362
.0001512,.000108
.0002269,.0001619
.0010586,.0007558
.000189,.000135
.0032893,.0023482
.0000386,.0000334
.0001788,.0001548
.0000148,.0000128
.0025027,.0021676
.0001077,.0000933
.0001788,.0001548
.0001127,.0000976
.0007151,.0006193
.0000645,.0000559
.0001316,.000114
.0014301,.0012386
.0793708,.0687435
.0547015,.0473773
1,.8661061
.0006265,.0005426
.0003575,.0003097
.0003575,.0003097
.0005363,.0004645
.0000243,.0000211
.0000793,.0000687
.0000235,.0000204
.0000706,.0000611
.0000315,.0000273
.0000671,.0000581
.0001788,.0001548
.0001788,.0001548
.0001788,.0001548
.0010518,.000911
.0000798,.0000691
.0001564,.0001354
.0000558,.0000483
.0003575,.0003097
.0000796,.0000689
.0005363,.0004645
.0000151,.0000131
.0000639,.0000553
.000022,.0000191
.0001788,.0001548
.0000305,.0000264
.0000966,.0000837
.0000511,.0000442
.0005363,.0004645
.0000467,.0000404
.0003575,.0003097
.0000414,.0000359
.0032177,.0027869
.0000486,.0000421
.0001788,.0001548
.0000489,.0000424
.0001319,.0001142
.0002024,.0001753
.0003575,.0003097
.0000163,.0000141
.0010726,.000929
.00024,.0002079
.000318,.0002754
.0007788,.0006745
.0012513,.0010838
.0001788,.0001548
.0005363,.0004645
.0002275,.0001787
.0001896,.0001489
.0000275,.0000216
.0010996,.0008635
.0007583,.0005955
.0005308,.0004169
.0002654,.0002084
.0113748,.0089332
.0002038,.0001601
.0000379,.0000298
.0040949,.003216
.062827,.0493413
.0002275,.0001787
.0002654,.0002084
1,.7853516
.1343748,.1055314
.0003412,.000268
.0006067,.0004764
.0001896,.0001489
.0007962,.0006253
.0000369,.000029
.0001106,.0000869
.0000379,.0000298
.0001366,.0001073
.0001517,.0001191
.0002275,.0001787
.0000758,.0000596
.0003033,.0002382
.0001489,.0001169
.0002919,.0002292
.0009479,.0007444
.0058391,.0045857
.0001137,.0000893
.0001137,.0000893
.0000237,.0000186
.0001137,.0000893
.0000354,.0000278
.0001735,.0001362
.0000855,.0000671
.0000758,.0000596
.0001529,.0001201
.0000758,.0000596
.0003033,.0002382
.0002654,.0002084
.0002654,.0002084
.0070145,.0055088
.0000758,.0000596
.0001517,.0001191
.0002654,.0002084
.0004171,.0003276
.0008721,.0006849
.0003033,.0002382
.0000293,.000023
.0002654,.0002084
.0001137,.0000893
.0001137,.0000893
.0006825,.000536
.005422,.0042582
.0008342,.0006551
.0282096,.0221545
.0000768,.0000682
.0002614,.0002321
.0000362,.0000321
.002091,.0018569
.0002614,.0002321
.0002614,.0002321
.0002614,.0002321
.0044433,.0039458
.0002679,.0002379
.0005465,.0004853
.0002614,.0002321
.0282279,.0250677
.0014401,.0012789
.0010455,.0009284
.0493989,.0438684
1,.8880457
.0004995,.0004436
.0010455,.0009284
.0000601,.0000534
.0002614,.0002321
.0000485,.0000431
.0001454,.0001291
.0000844,.0000749
.0001795,.0001594
.000313,.000278
.0002614,.0002321
.0004989,.000443
.0010455,.0009284
.0001957,.0001738
.0003836,.0003407
.0002614,.0002321
.0007841,.0006963
.0002614,.0002321
.0003628,.0003222
.0000312,.0000277
.0031364,.0027853
.0000466,.0000414
.000228,.0002025
.0001123,.0000997
.0002614,.0002321
.0002009,.0001784
.0009477,.0008416
.000104,.0000923
.0003764,.0003343
.0000671,.0000596
.0060115,.0053385
.0001954,.0001735
.0007841,.0006963
.0001432,.0001272
.0003859,.0003427
.0018757,.0016657
.0013068,.0011605
.0000386,.0000342
.002091,.0018569
.0006235,.0005537
.0005227,.0004642
.0036865,.0032738
.0041819,.0037137
.0002614,.0002321
.0028751,.0025532
.0000134,.0000111
.0000354,.0000291
6.06e-06,4.98e-06
.0002839,.0002333
.0000218,.0000179
.0000834,.0000686
.000051,.0000419
.0000941,.0000773
.0000219,.000018
.0000448,.0000368
.0005645,.0004639
.0182537,.0149999
.0005402,.0004439
.0021359,.0017552
.000089,.0000731
.0003461,.0002844
1,.8217481
.1894053,.1556435
9.56e-06,7.86e-06
.0000312,.0000256
.0000118,9.71e-06
.0000354,.0000291
.0000102,8.35e-06
.0000216,.0000178
.0000311,.0000256
.0000706,.000058
.0000484,.0000398
.0001761,.0001447
.0000347,.0000285
.000068,.0000559
.0000221,.0000182
.0001882,.0001546
.0000238,.0000195
.0000847,.0000696
7.39e-06,6.07e-06
.0000311,.0000256
.0000101,8.31e-06
.0000941,.0000773
.0000107,8.83e-06
.000034,.000028
.0000191,.0000157
.0000899,.0000739
.0000183,.000015
.0000662,.0000544
.0000179,.0000147
.0009409,.0007732
.0000147,.0000121
.0000797,.0000655
.0000173,.0000142
.0000467,.0000384
.0000941,.0000773
.0001258,.0001034
6.65e-06,5.47e-06
.0002158,.0001773
.0001238,.0001017
.000164,.0001348
.0002527,.0002077
.0011085,.0009109
.0000941,.0000773
.0003764,.0003093
.0000346,.0000252
.000091,.0000663
.0000156,.0000114
.0017212,.0012529
.000056,.0000408
.0002146,.0001562
.0001312,.0000955
.0002869,.0002088
.0000565,.0000411
.0001152,.0000838
.0028686,.0020882
.0295468,.0215085
.0013896,.0010115
.0054945,.0039997
.000229,.0001667
.0008902,.000648
.3198508,.2328348
1,.7279481
.0000246,.0000179
.0000802,.0000584
.0000304,.0000221
.0000912,.0000664
.0000261,.000019
.0000556,.0000405
.0000801,.0000583
.0005737,.0004176
.0002869,.0002088
.0002869,.0002088
.0000893,.000065
.000175,.0001274
.0000568,.0000414
.0004513,.0003285
.0000612,.0000445
.0005737,.0004176
.000019,.0000138
.0000801,.0000583
.000026,.0000189
.0002869,.0002088
.0000276,.0000201
.0000876,.0000637
.000049,.0000357
.0002312,.0001683
.000047,.0000342
.0001703,.000124
.0000461,.0000335
.0014343,.0010441
.0000377,.0000275
.0002051,.0001493
.0000446,.0000325
.0001202,.0000875
.0001276,.0000929
.0003237,.0002356
.0000171,.0000125
.0008606,.0006265
.0003184,.0002317
.0004218,.0003071
.0006501,.0004732
.0008606,.0006265
.0001141,.0000831
.0011825,.0008608
.0000692,.0000474
.0001374,.000094
.0014079,.0009639
.034716,.0237683
.0000138,9.42e-06
.0000528,.0000361
.0000171,.0000117
.0000687,.000047
.0000343,.0000235
.0005151,.0003526
.0000343,.0000235
.0027127,.0018573
.0000142,9.70e-06
.0002747,.0001881
.0000687,.000047
.0000687,.000047
.0000343,.0000235
.0000687,.000047
1,.6846502
.3612389,.2473223
.0000948,.0000649
.0003434,.0002351
.0000687,.000047
.000103,.0000705
.0000547,.0000375
.0000343,.0000235
.0000163,.0000111
.0000592,.0000405
.000309,.0002116
.0025754,.0017632
.0000343,.0000235
.0008928,.0006113
.0000134,9.20e-06
.0000343,.0000235
.0000343,.0000235
.0006868,.0004702
.0001717,.0001175
.0006524,.0004467
.0000343,.0000235
.0002747,.0001881
.0000388,.0000265
.000206,.0001411
.0001374,.000094
.002129,.0014576
.0000547,.0000374
.0013392,.0009169
.0000733,.0000502
.0002404,.0001646
.0005151,.0003526
.0028157,.0019278
.0000343,.0000235
.000103,.0000705
.0007554,.0005172
.0430602,.0294812
.0000687,.000047
.0001374,.000094
.000032,.0000219
.0001717,.0001175
.0000685,.0000469
.0005838,.0003997
.0001273,.0001087
.0001469,.0001254
.0001469,.0001254
.037891,.0323655
.0000253,.0000216
.0008812,.0007527
.0000314,.0000268
.0002937,.0002509
.0001188,.0001015
.0001469,.0001254
.0000906,.0000774
.006462,.0055197
.0000261,.0000223
.0001469,.0001254
.000028,.000024
.0001469,.0001254
.0001469,.0001254
.0001469,.0001254
.0538993,.0460393
1,.8541738
.0001744,.000149
.0005875,.0005018
.0001469,.0001254
.0005875,.0005018
.0001007,.0000861
.0004406,.0003763
.0000299,.0000256
.0001469,.0001254
.0014107,.0012049
.0027904,.0023835
.0002709,.0002314
.0007343,.0006272
.0000247,.0000211
.0002937,.0002509
.0001586,.0001354
.0004406,.0003763
.000488,.0004169
.0008812,.0007527
.000116,.0000991
.0002937,.0002509
.0000714,.000061
.0002937,.0002509
.0001469,.0001254
.0014686,.0012545
.0001007,.000086
.0042591,.003638
.0001349,.0001152
.0008812,.0007527
.0012789,.0010924
.003231,.0027599
.000057,.0000487
.0002937,.0002509
.0035407,.0030244
.0421501,.0360035
.0002872,.0002453
.0004406,.0003763
.0000589,.0000503
.0001469,.0001254
.0001261,.0001078
.0007343,.0006272
.0000463,.0000384
.0000596,.0000494
.0002385,.0001976
.0066782,.0055335
.0000158,.0000131
.0000607,.0000503
.0000321,.0000266
.0002385,.0001976
.0000707,.0000586
.0000596,.0000494
.0000596,.0000494
.0062608,.0051876
.000026,.0000216
.0001029,.0000853
.0000233,.0000193
.0000907,.0000752
.0000319,.0000264
.0002385,.0001976
.0003578,.0002964
.0023254,.0019268
1,.8285902
.1221752,.1012332
.000042,.0000348
.0000596,.0000494
.0000439,.0000364
.0000596,.0000494
.0000204,.0000169
.0000742,.0000615
.0008348,.0006917
.0019677,.0016304
.0000596,.0000494
.0006559,.0005435
.0000177,.0000147
.0000596,.0000494
.0010733,.0008893
.0045316,.0037549
.0025639,.0021245
.013416,.0111164
.0000537,.0000445
.0001703,.0001411
.0000597,.0000494
.0001193,.0000988
.0025639,.0021245
.0067378,.0055829
.0001789,.0001482
.0026832,.0022233
.0000443,.0000367
.000241,.0001997
.0001419,.0001176
.0001789,.0001482
.0000404,.0000335
.0001026,.000085
.000477,.0003952
.0264743,.0219363
.0006278,.0005202
.0008318,.0006892
.0000632,.0000524
.0000596,.0000494
.0001087,.0000901
.0002385,.0001976
.0000679,.0000552
.0001832,.0001488
.0002748,.0002232
.0205147,.0166688
.0000232,.0000189
.0000916,.0000744
.000047,.0000382
.0007327,.0005953
.0000916,.0000744
.0004579,.0003721
.0001418,.0001152
.014287,.0116086
.0000382,.000031
.0002748,.0002232
.0000342,.0000278
.0001832,.0001488
.0000468,.000038
.0012822,.0010418
.0003663,.0002977
.0042128,.0034231
.1346277,.109389
1,.8125297
.0000617,.0000501
.0005495,.0004465
.0000645,.0000524
.0003663,.0002977
.0000299,.0000243
.0000916,.0000744
.0000916,.0000744
.0021064,.0017115
.0001834,.0001491
.001099,.000893
.000026,.0000211
.0001832,.0001488
.0005495,.0004465
.0026559,.002158
.0008243,.0006697
.0088836,.0072182
.0000788,.000064
.0002497,.0002029
.0000875,.0000711
.0002748,.0002232
.0006411,.0005209
.0102573,.0083344
.0001195,.0000971
.0078762,.0063996
.000065,.0000528
.0007327,.0005953
.0002081,.0001691
.0007327,.0005953
.0000593,.0000482
.0001505,.0001223
.0000916,.0000744
.0104405,.0084832
.0009207,.0007481
.0001832,.0001488
.0000928,.0000754
.0000916,.0000744
.0001595,.0001296
.0014653,.0011906
.0001034,.000077
.0006203,.0004617
.0002843,.0002116
.0191264,.0142363
.0000258,.0000192
.0000517,.0000385
.0000258,.0000192
.0036444,.0027126
.0000775,.0000577
.001008,.0007503
.0003877,.0002886
.0833032,.0620049
.0000699,.000052
.0001292,.0000962
.0000813,.0000605
.0001809,.0001347
.0000258,.0000192
.0004652,.0003463
.0000775,.0000577
.0016025,.0011928
.0000842,.0000626
.0003102,.0002309
1,.744328
.1377617,.1025399
.0002843,.0002116
.0015508,.0011543
.0000258,.0000192
.001008,.0007503
.0000775,.0000577
.0011372,.0008465
.0002843,.0002116
.0109589,.008157
.0000258,.0000192
.0000775,.0000577
.0000659,.000049
.0003877,.0002886
.0001034,.000077
.001344,.0010004
.0001583,.0001179
.0005945,.0004425
.0001034,.000077
.0012406,.0009234
.0002326,.0001731
.0041354,.0030781
.0006979,.0005194
.0239855,.0178531
.0001292,.0000962
.0032825,.0024433
.0001292,.0000962
.0030499,.0022701
.0001034,.000077
.0001034,.000077
.0001809,.0001347
.0146549,.0109081
.0029723,.0022124
.003877,.0028857
.0001292,.0000962
.0006979,.0005194
.0002843,.0002116
.0159731,.0118892
.0001469,.0001225
.0004406,.0003674
.0001469,.0001225
.0174769,.0145731
.000101,.0000842
.0002937,.0002449
.0000917,.0000765
.002203,.0018369
.0001469,.0001225
.0002937,.0002449
.0001469,.0001225
.049787,.041515
.0000778,.0000649
.0014686,.0012246
.0000905,.0000755
.0001469,.0001225
.0000612,.000051
.0011749,.0009797
.0005326,.0004441
.0002937,.0002449
.0000938,.0000782
.0002937,.0002449
.0716698,.0597621
1,.8338524
.0009028,.0007528
.0014686,.0012246
.000141,.0001176
.0008812,.0007348
.0005462,.0004554
.0002937,.0002449
.0001469,.0001225
.0044059,.0036739
.0001068,.000089
.0004406,.0003674
.0000734,.0000612
.0002937,.0002449
.0001569,.0001308
.0004406,.0003674
.0001469,.0001225
.0004406,.0003674
.0001154,.0000963
.0013218,.0011022
.0012574,.0010485
.0017624,.0014696
.000219,.0001826
.0165957,.0138383
.0005042,.0004205
.0029373,.0024493
.0014553,.0012135
.0020561,.0017145
.0001748,.0001457
.0001469,.0001225
.0002662,.000222
.0058746,.0048985
.0002937,.0002449
.0019092,.001592
.0001424,.0001187
.0002937,.0002449
.0003377,.0002816
.0035247,.0029391
.0000932,.0000659
.0002796,.0001977
.0000522,.0000369
.0076722,.0054248
.0000621,.0000439
.0008387,.000593
.0000621,.0000439
.0107473,.0075991
.0001321,.0000934
.0002174,.0001537
.0007144,.0005051
.1126297,.0796373
.0001314,.0000929
.0006212,.0004393
.0000311,.000022
.0002174,.0001537
.0000932,.0000659
.0013667,.0009664
.0001024,.0000724
.0001553,.0001098
.0000433,.0000306
.0003417,.0002416
.0000932,.0000659
.0003106,.0002196
1,.7070721
.2269367,.1604606
.0000932,.0000659
.0018948,.0013397
.0001954,.0001382
.0000621,.0000439
.0003727,.0002636
.0042865,.0030309
.0000311,.000022
.0007455,.0005271
.0000315,.0000223
.000528,.0003734
.0000311,.000022
.0001242,.0000879
.0000778,.000055
.0002796,.0001977
.0000724,.0000512
.0004349,.0003075
.0000311,.000022
.000528,.0003734
.0000621,.0000439
.014599,.0103225
.0000932,.0000659
.0006834,.0004832
.000249,.0001761
.0007455,.0005271
.0000621,.0000439
.0001553,.0001098
.0000611,.0000432
.0059328,.0041949
.0006523,.0004612
.0011493,.0008126
.000169,.0001195
.0013357,.0009444
.0002174,.0001537
.0143505,.0101468
.0005457,.0004463
.0003313,.000271
.0000707,.0000578
.0143583,.0117432
.0002207,.0001805
.000994,.000813
.0001839,.0001504
.0043075,.003523
.0001787,.0001461
.0001104,.0000903
.0001104,.0000903
.0968633,.0792214
.0001778,.0001454
.0012149,.0009937
.0002009,.0001643
.0006627,.000542
.0001104,.0000903
.0025403,.0020776
.0001385,.0001133
.0004418,.0003613
.0000586,.0000479
.0002209,.0001807
.0005398,.0004415
.000994,.000813
.0522421,.0427272
1,.8178684
.0006301,.0005154
.0011045,.0009033
.0002644,.0002162
.0001104,.0000903
.0004114,.0003365
.0045284,.0037036
.0003491,.0002855
.0002209,.0001807
.0000427,.0000349
.0004418,.0003613
.0000774,.0000633
.0003313,.000271
.0001053,.0000861
.0003336,.0002728
.0000979,.0000801
.0008836,.0007227
.0001104,.0000903
.0013254,.001084
.0001104,.0000903
.0189971,.0155372
.0001104,.0000903
.0003313,.000271
.0003369,.0002755
.0001104,.0000903
.0002762,.0002259
.0007731,.0006323
.0000827,.0000676
.0033135,.00271
.0001104,.0000903
.0006627,.000542
.0002287,.000187
.0013254,.001084
.0004393,.0003593
.0062956,.0051489
.0001361,.0000858
.000313,.0001975
.000029,.0000183
.0025669,.0016191
.0000626,.0000395
.0005948,.0003752
.0000626,.0000395
.0050712,.0031987
.0001009,.0000636
.0002504,.000158
.0030365,.0019153
.2308969,.1456403
.0000939,.0000592
.0028173,.0017771
.0001565,.0000987
.0014087,.0008885
.0007513,.0004739
.0026921,.0016981
.0000626,.0000395
.0005009,.0003159
.0000341,.0000215
.0001252,.000079
.0000313,.0000197
.0000939,.0000592
.0000626,.0000395
.0009078,.0005726
1,.6307593
.3018939,.1904224
.0001316,.000083
.0001252,.000079
.0001252,.000079
.0015965,.001007
.0000626,.0000395
.0009391,.0005924
.0000235,.0000148
.0001252,.000079
.0000381,.000024
.0001866,.0001177
.000052,.0000328
.0001649,.000104
.0000647,.0000408
.0006261,.0003949
.0000313,.0000197
.0001878,.0001185
.0002504,.000158
.0077946,.0049165
.0000313,.0000197
.000313,.0001975
.0001124,.0000709
.000313,.0001975
.0001878,.0001185
.0003443,.0002172
.0000626,.0000395
.0008765,.0005529
.0000313,.0000197
.0002817,.0001777
.0002817,.0001777
.0038504,.0024287
.0002817,.0001777
.0111442,.0070293
.0001925,.0001532
.0003744,.0002979
.0001248,.0000993
.0078632,.0062565
.0003094,.0002462
.0011859,.0009436
.0003161,.0002515
.0027459,.0021848
.0001427,.0001135
.0003744,.0002979
.0001248,.0000993
.1387918,.1104329
.0007569,.0006023
.0016226,.001291
.000568,.0004519
.0008737,.0006952
.0001248,.0000993
.0024963,.0019862
.0000731,.0000581
.0003744,.0002979
.0000483,.0000384
.0001447,.0001152
.0001496,.000119
.0002496,.0001986
.0011181,.0008897
.0011233,.0008938
.068023,.054124
1,.7956729
.0001862,.0001482
.0001248,.0000993
.0001248,.0000993
.0012481,.0009931
.0005518,.0004391
.0007489,.0005959
.0000332,.0000264
.00014,.0001114
.0000539,.0000429
.0002496,.0001986
.0000736,.0000586
.0002496,.0001986
.0000915,.0000728
.0006241,.0004966
.0001248,.0000993
.0005731,.000456
.0001248,.0000993
.0083625,.0066538
.0001641,.0001306
.0006241,.0004966
.000159,.0001265
.0002496,.0001986
.0003657,.000291
.0006241,.0004966
.0000467,.0000371
.0026211,.0020855
.0003315,.0002638
.0004393,.0003495
.000455,.000362
.0036196,.00288
.0002496,.0001986
.0028707,.0022841
.0000537,.0000428
.0002124,.0001693
.0002124,.0001693
.0068692,.0054733
.0000223,.0000177
.0000853,.000068
.0000259,.0000206
.0003514,.00028
.0001432,.0001141
.0000708,.0000564
.0000854,.0000681
.0019829,.0015799
.0000259,.0000206
.0001023,.0000815
.0000276,.000022
.0001074,.0000856
.0000275,.0000219
.0001635,.0001303
.0004957,.000395
.0022661,.0018056
.0008498,.0006771
.0006373,.0005078
.0000718,.0000572
.0001528,.0001217
.0000581,.0000463
.0001318,.000105
.0000231,.0000184
.0000839,.0000669
1,.7967874
.2113165,.1683743
.0000708,.0000564
.0002833,.0002257
.0000175,.0000139
.0000622,.0000495
.0002833,.0002257
.0012039,.0009592
.0011331,.0009028
.0047447,.0037805
.0001423,.0001134
.0002124,.0001693
.0000708,.0000564
.0000708,.0000564
.0003541,.0002821
.0012747,.0010157
.000062,.0000494
.0005665,.0004514
.0000939,.0000748
.0005665,.0004514
.0014871,.0011849
.0059486,.0047398
.0000577,.000046
.0001463,.0001166
.0004249,.0003386
.0072233,.0057554
.0005949,.000474
.0002833,.0002257
.0000695,.0000554
.0001416,.0001129
.0000856,.0000682
.0007082,.0005643
.0000638,.0000554
.0003677,.0003193
.0005912,.0005134
.0138497,.0120272
.0000265,.000023
.0001015,.0000881
.0000308,.0000267
.0003677,.0003193
.0001703,.0001479
.0001226,.0001064
.0001016,.0000882
.0024513,.0021287
.0000308,.0000267
.0001217,.0001057
.0000328,.0000285
.0001226,.0001064
.0001226,.0001064
.0001945,.0001689
.0001226,.0001064
.0024513,.0021287
.0003677,.0003193
.0013482,.0011708
.0000854,.0000742
.0002451,.0002129
.0000691,.00006
.0001226,.0001064
.0000274,.0000238
.0000998,.0000867
.1000123,.0868514
1,.8684078
.0001427,.0001239
.0006128,.0005322
.0000208,.000018
.0000739,.0000642
.0001226,.0001064
.0008579,.000745
.0003677,.0003193
.0025738,.0022351
.0001226,.0001064
.0008579,.000745
.0001262,.0001096
.0004903,.0004257
.0002451,.0002129
.0022062,.0019158
.0000737,.000064
.0033092,.0028738
.0001116,.0000969
.0004903,.0004257
.0004851,.0004213
.001961,.001703
.0000686,.0000596
.0002451,.0002129
.0004689,.0004072
.00956,.008302
.0007074,.0006143
.0004903,.0004257
.0000826,.0000717
.0003677,.0003193
.0001018,.0000884
.0003677,.0003193
.0002124,.0001096
.0010091,.0005205
.0001051,.0000542
.0111005,.0057251
.0000268,.0000138
.0001062,.0000548
.0001062,.0000548
.0016996,.0008766
.0000568,.0000293
.0005311,.0002739
.0002094,.000108
.0108349,.0055882
.0000438,.0000226
.0000531,.0000274
.0000355,.0000183
.0002656,.000137
.0000424,.0000219
.0002656,.000137
.0001986,.0001024
.0001593,.0000822
.0000531,.0000274
.0001062,.0000548
.0000531,.0000274
.0000531,.0000274
.0002194,.0001131
.000478,.0002465
.0000635,.0000327
.0002309,.0001191
.0002909,.0001501
.0005311,.0002739
1,.5157546
.7408647,.3821044
.0001593,.0000822
.0001062,.0000548
.0000531,.0000274
.0006905,.0003561
.0001705,.0000879
.0014871,.000767
.0000401,.0000207
.0001062,.0000548
.0000365,.0000188
.0006905,.0003561
.000478,.0002465
.0046208,.0023832
.0024432,.0012601
.1353304,.0697973
.0000671,.0000346
.0006905,.0003561
.0001971,.0001017
.0007967,.0004109
.0000531,.0000274
.0001292,.0000666
.0001593,.0000822
.0070108,.0036159
.0002656,.000137
.0010622,.0005479
.0000531,.0000274
.0004249,.0002191
.0000531,.0000274
.0115254,.0059443
.0000807,.0000695
.00234,.0020167
.0000831,.0000716
.0066973,.0057718
.0000212,.0000182
.0000807,.0000695
.0001054,.0000909
.0005648,.0004868
.0000449,.0000387
.0007262,.0006259
.0001655,.0001427
.0119422,.0102919
.0000347,.0000299
.0002421,.0002086
.0000281,.0000242
.0001614,.0001391
.0000335,.0000289
.0003228,.0002782
.000157,.0001353
.0001614,.0001391
.0000703,.0000606
.0000807,.0000695
.0000807,.0000695
.0001614,.0001391
.0001734,.0001495
.0008069,.0006954
.0000502,.0000433
.0002421,.0002086
.00023,.0001982
.0002421,.0002086
.0715727,.0616822
1,.8618116
.0000813,.0000701
.0001614,.0001391
.0000603,.0000519
.0003228,.0002782
.0001348,.0001162
.0005648,.0004868
.0000317,.0000273
.0000807,.0000695
.0000289,.0000249
.0006455,.0005563
.0000807,.0000695
.0016138,.0013908
.0003228,.0002782
.0492213,.0424195
.000053,.0000457
.0008876,.0007649
.0001558,.0001343
.0007262,.0006259
.0000403,.0000347
.0002421,.0002086
.0001198,.0001033
.0029049,.0025034
.0001614,.0001391
.0004035,.0003477
.0000509,.0000439
.0004035,.0003477
.0012069,.0010401
.0019366,.001669
.0000502,.0000328
.000502,.0003283
.0000355,.0000232
.0042164,.0027581
.0000708,.0000463
.000502,.0003283
.0008533,.0005582
.0417127,.0272856
.0000679,.0000444
.0000502,.0000328
.0016063,.0010507
.1325168,.0866836
.0002193,.0001435
.0005522,.0003612
.0001004,.0000657
.0000502,.0000328
.0002008,.0001313
.0008533,.0005582
.0000502,.0000328
.0003012,.000197
.0000442,.0000289
.0002008,.0001313
.0001193,.000078
.0001506,.0000985
.0006522,.0004266
.0006525,.0004269
.0000502,.0000328
.0003514,.0002298
.0001484,.0000971
.0003514,.0002298
.0000502,.0000328
.0041662,.0027253
1,.6541327
.2561992,.1675883
.0000317,.0000208
.0000502,.0000328
.0000534,.0000349
.0005522,.0003612
.0000391,.0000256
.0001238,.000081
.000045,.0000294
.0000502,.0000328
.0001712,.000112
.000251,.0001642
.0003514,.0002298
.0334304,.0218679
.0003012,.000197
.0007027,.0004597
.0001099,.0000719
.0002008,.0001313
.0000502,.0000328
.0001506,.0000985
.0000427,.0000279
.0014055,.0009194
.0002022,.0001323
.0002008,.0001313
.0001621,.000106
.0011043,.0007224
.0011043,.0007224
.0402068,.0263006
.0004264,.0003442
.0001606,.0001297
.0000463,.0000374
.0046586,.0037607
.0000921,.0000744
.0003213,.0002594
.0001606,.0001297
.0102811,.0082996
.0000884,.0000713
.0001803,.0001455
.0020056,.001619
.0944578,.0762523
.0002856,.0002305
.0004819,.000389
.0001591,.0001284
.0006186,.0004994
.0002083,.0001682
.0004819,.000389
.0000827,.0000668
.0001606,.0001297
.0000575,.0000464
.0001606,.0001297
.0001553,.0001253
.0003213,.0002594
.0008492,.0006855
.0012851,.0010374
.0007565,.0006107
.0009639,.0007781
.0001933,.000156
.0003788,.0003058
.0004693,.0003788
.0040161,.003242
.0578313,.0466851
1,.8072633
.0000413,.0000334
.0001742,.0001407
.0000695,.0000561
.0004819,.000389
.0000509,.0000411
.0001606,.0001297
.0000586,.0000473
.0004819,.000389
.0002229,.0001799
.0004819,.000389
.0003832,.0003094
.0338956,.0273627
.0000995,.0000803
.0001606,.0001297
.0001431,.0001155
.0003855,.0003112
.0001437,.000116
.0004819,.000389
.0000556,.0000449
.0033735,.0027233
.0002633,.0002125
.0004819,.000389
.000211,.0001704
.0025703,.0020749
.0003213,.0002594
.0107631,.0086886
.0000229,.0000198
.0000492,.0000425
.0001967,.00017
.0029018,.0025081
6.44e-06,5.57e-06
.0000247,.0000213
.0000139,.000012
.0001967,.00017
.0000276,.0000239
.0000984,.000085
.0000392,.0000339
.0020165,.0017429
.0000103,8.91e-06
.0000408,.0000352
9.24e-06,7.98e-06
.0000359,.000031
.0000123,.0000106
.000073,.0000631
.0000492,.0000425
.0003443,.0002976
.001328,.0011478
.002951,.0025506
.0000492,.0000425
.0000431,.0000372
.0000197,.000017
.0000446,.0000386
8.64e-06,7.47e-06
.0000314,.0000272
.0002951,.0002551
.0008853,.0007652
.0000492,.0000425
.0001476,.0001275
7.84e-06,6.78e-06
.0000492,.0000425
1,.8643191
.128615,.1111644
.0013771,.0011903
.0056069,.0048462
.0000215,.0000186
.0000492,.0000425
.0000221,.0000191
.0000492,.0000425
.0004918,.0004251
.0023116,.001998
.0000414,.0000358
.0005902,.0005101
.0000189,.0000164
.0002951,.0002551
.0000669,.0000578
.0000984,.000085
.000016,.0000138
.0000405,.000035
.0001967,.00017
.0041806,.0036134
.0001955,.000169
.0000492,.0000425
.0000238,.0000206
.0000984,.000085
.0000517,.0000447
.0003935,.0003401
.000043,.000038
.0002967,.0002622
.0000989,.0000874
.0125606,.0111
.0000121,.0000107
.0000463,.0000409
.000026,.000023
.0003956,.0003496
.0000517,.0000457
.0006923,.0006118
.0000735,.000065
.0078133,.0069047
.0000193,.0000171
.0000989,.0000874
.0000173,.0000153
.0000673,.0000595
.000023,.0000203
.0003956,.0003496
.0001886,.0001666
.000989,.000874
.0001978,.0001748
.0014835,.001311
.0000989,.0000874
.0000989,.0000874
.0000989,.0000874
.0000989,.0000874
.0000162,.0000143
.0000989,.0000874
.0015858,.0014014
.0014835,.001311
.0001236,.0001093
.0007912,.0006992
.0000147,.000013
.0000989,.0000874
.0721986,.0638032
1,.8837181
.0001978,.0001748
.0046484,.0041079
.0000403,.0000356
.0001278,.0001129
.0000414,.0000366
.0000989,.0000874
.0006923,.0006118
.0044506,.0039331
.0000776,.0000686
.0069232,.0061181
.0000355,.0000314
.000193,.0001706
.0001254,.0001108
.0000989,.0000874
.0000299,.0000264
.0000989,.0000874
.0002147,.0001898
.0099891,.0088276
.0003664,.0003238
.0001978,.0001748
.0000446,.0000394
.0000989,.0000874
.0000969,.0000857
.0002967,.0002622
.00003,.0000226
.0000788,.0000595
.0002226,.000168
.0055653,.0041986
6.35e-06,4.79e-06
.000242,.0001825
.0000135,.0000102
.0000605,.0000456
.0000265,.00002
.0000605,.0000456
.0000358,.000027
.0022382,.0016886
9.34e-06,7.04e-06
.0000369,.0000278
8.58e-06,6.47e-06
.0000334,.0000252
.0000105,7.89e-06
.0000605,.0000456
.000242,.0001825
.0004839,.0003651
.0003025,.0002282
.0004839,.0003651
.0000269,.0000203
.0000573,.0000432
.0000222,.0000168
.000121,.0000913
8.73e-06,6.58e-06
.0000317,.0000239
.000363,.0002738
.0006654,.000502
.0000605,.0000456
.0003025,.0002282
8.21e-06,6.19e-06
.0000292,.000022
.0008469,.0006389
.0016333,.0012322
1,.7544332
.3018571,.227731
.0000217,.0000164
.0000605,.0000456
.0000196,.0000148
.0000605,.0000456
.0005444,.0004107
.0015728,.0011866
.0000498,.0000375
.0011494,.0008671
.0000209,.0000157
.0001815,.0001369
.0000895,.0000675
.0000605,.0000456
.0000151,.0000114
.0000605,.0000456
.000285,.000215
.004295,.0032403
.0001357,.0001024
.0000605,.0000456
.0000205,.0000155
.0000901,.0000679
.0000568,.0000429
.000363,.0002738
.0000593,.0000537
.0003456,.0003129
.0002592,.0002347
.0118379,.0107177
.0000126,.0000114
.0001728,.0001565
.0000267,.0000241
.0001728,.0001565
.0001728,.0001565
.0003456,.0003129
.0000709,.0000642
.0106282,.0096225
.0000185,.0000167
.0000864,.0000782
.000017,.0000154
.0001728,.0001565
.0000207,.0000187
.0005184,.0004694
.0003815,.0003454
.0005184,.0004694
.000992,.0008981
.0006049,.0005476
.0000533,.0000483
.0000864,.0000782
.000044,.0000398
.0002592,.0002347
.0000173,.0000156
.0000864,.0000782
.0015879,.0014377
.0016418,.0014864
.0001818,.0001646
.0005184,.0004694
.0000162,.0000147
.0000864,.0000782
.0003456,.0003129
.0016418,.0014864
.0541778,.0490512
1,.9053746
.0000429,.0000388
.000136,.0001231
.0000387,.0000351
.0002592,.0002347
.0001728,.0001565
.0016418,.0014864
.0000985,.0000892
.0057029,.0051633
.0000864,.0000782
.0001728,.0001565
.0001771,.0001603
.0003456,.0003129
.0000299,.000027
.0000864,.0000782
.0000864,.0000782
.0055301,.0050068
.0002686,.0002432
.0003559,.0003222
.0000406,.0000368
.0001728,.0001565
.0001125,.0001019
.0007777,.0007041
.0000289,.0000235
.0000761,.0000619
.0000623,.0000507
.000259,.0002107
.00005,.0000407
.0001915,.0001558
.0000149,.0000121
.0006475,.0005269
.000259,.0002107
.000518,.0004215
.0000663,.0000539
.0006475,.0005269
.0000267,.0000217
.0001055,.0000859
.0000427,.0000348
.0001662,.0001352
.0000229,.0000187
.0001365,.0001111
.0000946,.000077
.0003086,.0002511
.0000425,.0000346
.0001274,.0001037
.0000626,.0000509
.0001331,.0001083
.0000624,.0000508
.0001416,.0001152
.0000246,.00002
.0000895,.0000728
.001036,.000843
.004921,.0040041
.0000446,.0000363
.0001295,.0001054
.0000124,.0000101
.0000442,.0000359
.0000277,.0000225
.0001166,.0000949
.0000448,.0000364
.0002192,.0001783
1,.8136772
.2057757,.167435
.0006592,.0005363
.0031089,.0025296
.0000881,.0000717
.0003191,.0002597
.0000223,.0000181
.0011655,.0009483
.0004451,.0003621
.0003885,.0003161
.0003922,.0003192
.0010568,.0008599
.000159,.0001294
.0004034,.0003282
.0000547,.0000445
.0011655,.0009483
.0009065,.0007376
.0011655,.0009483
.0001005,.0000818
.0004408,.0003587
.0000373,.0000303
.0001295,.0001054
.000043,.0000369
.0001132,.0000971
.0000927,.0000796
.0035108,.0030121
.0000743,.0000638
.0002848,.0002444
.0000221,.000019
.0002998,.0002572
.0025489,.0021868
.0005851,.000502
.0000986,.0000846
.0046811,.0040161
.0000397,.0000341
.000157,.0001347
.0000636,.0000546
.0002472,.0002121
.0000341,.0000293
.0002031,.0001742
.0001407,.0001207
.000459,.0003938
.0000632,.0000542
.0001896,.0001627
.0000931,.0000798
.000198,.0001699
.0000929,.0000797
.0002106,.0001807
.0000366,.0000314
.0001331,.0001142
.0008777,.000753
.0122879,.0105423
.0000664,.000057
.0002926,.000251
.0000185,.0000158
.0000657,.0000564
.0000411,.0000353
.0001735,.0001488
.0000666,.0000571
.0003261,.0002797
.1240491,.1064271
1,.857943
.0009805,.0008412
.0005851,.000502
.0001311,.0001125
.0002926,.000251
.0000331,.0000284
.0014628,.001255
.0006621,.000568
.0011703,.001004
.0005835,.0005006
.0015721,.0013488
.0002365,.0002029
.0006001,.0005149
.0000814,.0000698
.0017554,.001506
.0007122,.000611
.0002926,.000251
.0001495,.0001283
.0006558,.0005626
.0000554,.0000476
.0005851,.000502
.0000121,.0000109
.0000319,.0000286
.0000192,.0000171
.0000863,.0000772
.0000337,.0000302
.0001293,.0001157
8.96e-06,8.01e-06
.0001215,.0001087
.0013812,.0012353
.0003453,.0003088
.0000863,.0000772
.000518,.0004632
.0000215,.0000192
.0000848,.0000759
.0000367,.0000328
.0001427,.0001277
.0000195,.0000175
.0001163,.000104
.0000279,.000025
.0000911,.0000815
.0000227,.0000203
.0000679,.0000608
.0000197,.0000176
.0000418,.0000374
.0000279,.0000249
.0003453,.0003088
.0000147,.0000131
.0000534,.0000478
.0001727,.0001544
.0000863,.0000772
.0000863,.0000772
.0000863,.0000772
6.86e-06,6.13e-06
.0000244,.0000218
.0000136,.0000122
.0000575,.0000514
.0000194,.0000174
.0000863,.0000772
.0000863,.0000772
.0010027,.0008967
1,.8943541
.1081664,.0967391
.0000314,.0000281
.0001137,.0001017
.0000109,9.78e-06
.0003453,.0003088
.0000933,.0000835
.0001727,.0001544
.0000787,.0000704
.0002122,.0001897
.0001462,.0001307
.0003708,.0003317
.0000177,.0000159
.0006906,.0006176
.0010359,.0009265
.000518,.0004632
.0001199,.0001072
.0001727,.0001544
.0000194,.0000174
.0001727,.0001544
.00003,.0000276
.0000789,.0000727
.0000473,.0000436
.0008373,.0007717
.0000833,.0000768
.0003194,.0002944
.0000221,.0000204
.0002791,.0002572
.0005582,.0005145
.0013955,.0012862
.0001166,.0001074
.0008373,.0007717
.000053,.0000488
.0002791,.0002572
.0000907,.0000836
.0003525,.0003249
.0000483,.0000445
.0002872,.0002647
.000069,.0000636
.0002251,.0002075
.0000559,.0000516
.0001678,.0001546
.0000485,.0000447
.0008373,.0007717
.0000689,.0000635
.0001562,.0001439
.0000363,.0000334
.0001319,.0001216
.0003394,.0003128
.0006652,.0006131
.0000481,.0000444
.0002791,.0002572
.0000169,.0000156
.0000603,.0000556
.0000337,.000031
.000142,.0001309
.0000479,.0000442
.0002346,.0002162
.0007815,.0007203
.0024761,.0022822
.0608429,.056078
1,.9216854
.0000776,.0000715
.0016746,.0015434
.000027,.0000249
.0008373,.0007717
.0002304,.0002124
.0025119,.0023151
.0002791,.0002572
.0005582,.0005145
.000361,.0003327
.0009158,.0008441
.0000438,.0000404
.0013955,.0012862
.0005582,.0005145
.0002791,.0002572
.0002961,.0002729
.0005582,.0005145
.000048,.0000442
.0008373,.0007717
.0000662,.0000465
.0002429,.0001704
.0000883,.0000619
.0083915,.0058849
.0000139,9.72e-06
.0000221,.0000155
.0000276,.0000194
.000265,.0001858
.0000439,.0000308
.0001104,.0000774
.0000442,.000031
.0070886,.0049712
.0000167,.0000117
.0000661,.0000464
.0000162,.0000114
.0001104,.0000774
.000016,.0000112
.0000883,.0000619
.0000221,.0000155
.0004858,.0003407
.0002429,.0001704
.0007287,.0005111
.0001826,.0001281
.0001104,.0000774
.0000662,.0000465
.0001767,.0001239
.0000217,.0000152
.0000788,.0000553
.0003463,.0002429
.0001546,.0001084
.0003312,.0002323
.0026499,.0018584
.0000223,.0000156
.0000221,.0000155
.0002429,.0001704
.0003754,.0002633
.0002208,.0001549
.001325,.0009292
.0000361,.0000253
.0001767,.0001239
.0000268,.0000188
.0001767,.0001239
1,.7012905
.3572343,.2505251
.0001104,.0000774
.0094294,.0066127
.0000221,.0000155
.0000883,.0000619
.0000221,.0000155
.0005521,.0003872
.0000285,.00002
.0000883,.0000619
.0003312,.0002323
.0297898,.0208913
.0003092,.0002168
.0005079,.0003562
.0000662,.0000465
.0001987,.0001394
.000147,.0001031
.0020758,.0014557
.0002823,.0002511
.0002681,.0002385
.0003704,.0003296
.0085791,.0076326
.0000206,.0000183
.0000894,.0000795
.0000411,.0000366
.0000894,.0000795
.0000653,.0000581
.0003575,.000318
.000097,.0000863
.0065237,.0058039
.0000249,.0000221
.0000984,.0000875
.0000241,.0000214
.0003575,.000318
.0000238,.0000212
.0003575,.000318
.0007872,.0007004
.0010724,.0009541
.0001102,.000098
.0008937,.0007951
.0002716,.0002417
.000578,.0005142
.0001195,.0001063
.0000894,.0000795
.0000322,.0000287
.0001172,.0001043
.0005152,.0004583
.0005362,.000477
.0007898,.0007027
.0017873,.0015901
.0000331,.0000295
.0001178,.0001048
.0000894,.0000795
.0004468,.0003975
.0003197,.0002844
.0011618,.0010336
.0000537,.0000478
.0002681,.0002385
.0000399,.0000355
.0001787,.000159
.0771224,.0686135
1,.8896704
.0002106,.0001874
.0075067,.0066785
.0000807,.0000718
.0004468,.0003975
.0004276,.0003804
.0001787,.000159
.0000424,.0000377
.0002681,.0002385
.0001787,.000159
.0075961,.006758
.0001787,.000159
.0004468,.0003975
.0000469,.0000417
.0003575,.000318
.0002187,.0001946
.0006256,.0005565
.00008,.0000216
.0006545,.0001768
.0000102,2.74e-06
.0004757,.0001285
3.61e-06,9.76e-07
.0000138,3.74e-06
.000038,.0000103
.0005158,.0001393
7.06e-06,1.91e-06
.0000144,3.89e-06
.0000428,.0000116
.0019634,.0005304
7.68e-06,2.08e-06
.0000304,8.21e-06
5.42e-06,1.46e-06
.0000211,5.69e-06
8.11e-06,2.19e-06
.0000483,.000013
.0000174,4.70e-06
.0000568,.0000153
.0000137,3.69e-06
.000041,.0000111
.0000165,4.45e-06
.000035,9.47e-06
.0000254,6.87e-06
.0000577,.0000156
9.87e-06,2.67e-06
.0000359,9.70e-06
.0000355,9.58e-06
.0000695,.0000188
.0006188,.0001672
.0006545,.0001768
.0000198,5.35e-06
.0000705,.0000191
.0000113,3.05e-06
.0000476,.0000129
.0000218,5.89e-06
.0001067,.0000288
4.72e-06,1.28e-06
.000015,4.04e-06
4.83e-06,1.30e-06
.0000228,6.15e-06
.0000733,.0000198
.0002655,.0000717
1,.2701572
2.691099,.7270199
7.35e-06,1.99e-06
.0006545,.0001768
.0000183,4.95e-06
.0000494,.0000133
7.00e-06,1.89e-06
.0000178,4.80e-06
.0000138,3.73e-06
.0006545,.0001768
.0000269,7.27e-06
.0000357,9.63e-06
.0000102,2.75e-06
.0000447,.0000121
.0006545,.0001768
.0019634,.0005304
.0000787,.0000772
.0002138,.0002099
9.99e-06,9.81e-06
.000695,.0006822
3.56e-06,3.49e-06
.0000136,.0000134
.0000374,.0000367
.0000535,.0000525
6.95e-06,6.82e-06
.0000535,.0000525
.0000421,.0000413
.0016038,.0015743
7.56e-06,7.42e-06
.0000535,.0000525
5.33e-06,5.23e-06
.0000535,.0000525
7.98e-06,7.84e-06
.0001069,.000105
.0000171,.0000168
.0001069,.000105
.0000135,.0000132
.0000403,.0000396
.0000162,.0000159
.0000345,.0000339
.000025,.0000246
.0001069,.000105
9.71e-06,9.53e-06
.0000353,.0000347
.0000349,.0000343
.0000684,.0000671
.0000535,.0000525
.0012296,.001207
.0000195,.0000191
.0000694,.0000681
.0000111,.0000109
.0000535,.0000525
.0000215,.0000211
.0001604,.0001574
4.65e-06,4.56e-06
.0001069,.000105
4.75e-06,4.67e-06
.0000224,.000022
.0000722,.0000708
.0002613,.0002565
.0093553,.0091835
1,.9816368
7.23e-06,7.10e-06
.0000393,.0000386
.000018,.0000177
.0001604,.0001574
6.89e-06,6.76e-06
.0000535,.0000525
.0000136,.0000133
.0011761,.0011545
.0001069,.000105
.0000535,.0000525
.00001,9.85e-06
.0002138,.0002099
.0011513,.0011301
.000695,.0006822
.0000232,.0000191
.0000695,.0000574
.0000463,.0000383
.0020851,.0017223
.0000463,.0000383
.0000232,.0000191
.0000166,.0000137
.0006719,.000555
.0000695,.0000574
.0009035,.0007463
.0000232,.0000191
.0156149,.0128984
.0000291,.0000241
.0000463,.0000383
.0000463,.0000383
.0001981,.0001636
.0000215,.0000177
.0000695,.0000574
.0000754,.0000622
.0001158,.0000957
.000024,.0000198
.000072,.0000595
.0001225,.0001012
.0000927,.0000765
.0002085,.0001722
.0000463,.0000383
.0000376,.000031
.0001158,.0000957
.0001158,.0000957
.0023399,.0019328
.0000232,.0000191
.0018302,.0015118
.0000232,.0000191
.0000232,.0000191
.0000167,.0000138
.0000703,.0000581
.0000232,.0000191
.0000463,.0000383
.000417,.0003445
.0007877,.0006507
.0001331,.00011
.0006487,.0005358
.000139,.0001148
.0004402,.0003636
.0000237,.0000196
.0021777,.0017989
1,.8260311
.1743351,.1440062
.0000232,.0000191
.000973,.0008038
.0000695,.0000574
.0001853,.0001531
.0000695,.0000574
.0016449,.0013587
.0004633,.0003827
.0010657,.0008803
.0000838,.0000693
.0001622,.000134
.0000414,.0000342
.0012974,.0010717
.0002019,.0001868
.0005046,.0004669
.000079,.0000731
.0039362,.0036417
.0001693,.0001566
.0006487,.0006002
.0000322,.0000298
.0009084,.0008404
.0008114,.0007507
.0007065,.0006536
.0001402,.0001297
.0152402,.0141
.0000566,.0000524
.0002239,.0002072
.000099,.0000916
.000385,.0003562
.0000417,.0000386
.0007065,.0006536
.0001465,.0001355
.0002019,.0001868
.0000467,.0000432
.00014,.0001295
.0001009,.0000934
.0001009,.0000934
.0002473,.0002288
.0001009,.0000934
.0000731,.0000676
.0004037,.0003735
.0003371,.0003119
.0008074,.000747
.0000994,.000092
.0011102,.0010272
.0000323,.0000299
.0001009,.0000934
.0000324,.00003
.0002019,.0001868
.0000574,.0000531
.0001009,.0000934
.0005927,.0005483
.0005046,.0004669
.0002588,.0002395
.0009084,.0008404
.0001765,.0001633
.0009084,.0008404
.0000462,.0000427
.0037344,.003455
.0371417,.034363
1,.9251859
.0008194,.0007581
.0008074,.000747
.0003655,.0003381
.0004037,.0003735
.0000778,.000072
.0022204,.0020543
.0001009,.0000934
.0012111,.0011205
.000163,.0001508
.0001009,.0000934
.0000805,.0000745
.0009084,.0008404
.0000339,.0000237
.0000973,.0000682
.0001309,.0000918
.005724,.0040124
.0000153,.0000107
.0000339,.0000237
9.83e-06,6.89e-06
.0001016,.0000712
.0000871,.0000611
.0000677,.0000475
.0000333,.0000233
.0018628,.0013058
.0000109,7.62e-06
.000043,.0000301
.0000339,.0000237
.0000538,.0000377
9.40e-06,6.59e-06
.0000559,.0000392
.0000677,.0000475
.0003726,.0002612
.0000285,.00002
.0000854,.0000599
.000131,.0000918
.0002371,.0001662
.0000507,.0000355
.000115,.0000806
.0000135,9.46e-06
.0000339,.0000237
.0001693,.0001187
.0021338,.0014957
.0000339,.0000237
.0001355,.000095
8.85e-06,6.21e-06
.0000339,.0000237
.0000339,.0000237
.0000339,.0000237
.0000469,.0000329
.0001693,.0001187
.0000995,.0000698
.0000677,.0000475
.0000416,.0000292
.0003726,.0002612
.0000677,.0000475
.0004064,.0002849
.0000219,.0000154
.0007451,.0005223
.0001562,.0001095
.0004742,.0003324
1,.7009745
.4086029,.2864202
.0000339,.0000237
.0000677,.0000475
.000117,.000082
.0023031,.0016144
.0000339,.0000237
.0001693,.0001187
.0000269,.0000188
.0000677,.0000475
.0000323,.0000227
.0003387,.0002374
.0000768,.0000734
.0001153,.0001102
.0001551,.0001482
.0040722,.0038894
.0000181,.0000173
.0000768,.0000734
.0000116,.0000111
.0002305,.0002202
.0001032,.0000986
.0001537,.0001468
.0000394,.0000376
.0037649,.0035959
.0000129,.0000123
.0000509,.0000486
.0000164,.0000157
.0000637,.0000609
.0000111,.0000106
.0000768,.0000734
.0003136,.0002996
.0002305,.0002202
.0000338,.0000322
.0002305,.0002202
.0000768,.0000734
.0001537,.0001468
.0000601,.0000574
.0001362,.0001301
.000016,.0000153
.0000768,.0000734
.0003309,.000316
.0010757,.0010274
.0000659,.000063
.0003073,.0002935
.0000105,.00001
.0000373,.0000357
.0000259,.0000247
.0000768,.0000734
.0000556,.0000531
.0000768,.0000734
.000118,.0001127
.0003737,.0003569
.0000493,.0000471
.0000768,.0000734
.0002111,.0002016
.0001537,.0001468
.000026,.0000248
.0017672,.0016879
.000185,.0001767
.0006147,.0005871
.0270457,.0258318
1,.9551146
.0000401,.0000383
.0001018,.0000972
.0001386,.0001324
.0030734,.0029354
.000125,.0001194
.0000768,.0000734
.0000319,.0000304
.0002305,.0002202
.0000383,.0000366
.0000768,.0000734
.0001271,.0000881
.0000508,.0000352
.0001017,.0000705
.0095819,.0066429
.0004829,.0003348
.0044478,.0030836
.0005083,.0003524
.0171813,.0119115
.0001017,.0000705
.0007117,.0004934
.0012454,.0008634
.1309696,.0907986
.0000254,.0000176
.0002542,.0001762
.0001779,.0001233
.0023129,.0016035
.0001017,.0000705
.0016521,.0011453
.0000508,.0000352
.0007117,.0004934
.0000651,.0000451
.0001271,.0000881
.0000254,.0000176
.0002033,.000141
.0001271,.0000881
.0005337,.00037
.0002488,.0001725
.0001017,.0000705
.0001779,.0001233
.0002542,.0001762
.0005083,.0003524
.010014,.0069425
.0000254,.0000176
.0001525,.0001057
.0000417,.0000289
.0000508,.0000352
.0000254,.0000176
.0005846,.0004053
.0000254,.0000176
.0005083,.0003524
.0002033,.000141
.001525,.0010572
.0002033,.000141
.0007879,.0005462
.0001779,.0001233
.0301436,.0208979
.0002542,.0001762
.0022112,.001533
.0004575,.0003172
.0012454,.0008634
1,.6932796
.1735163,.1202953
.0001017,.0000705
.0053374,.0037003
.0023637,.0016387
.0046257,.0032069
.0012962,.0008986
.0105986,.0073478
.0002796,.0001938
.0224933,.0155942
.0000914,.0000728
.0002853,.0002272
.0000613,.0000488
.0116976,.0093171
.0001427,.0001136
.0079886,.0063629
.000084,.0000669
.0049929,.0039768
.001013,.0008069
.0005706,.0004545
.0002853,.0002272
.0706134,.0562436
.0003874,.0003086
.0005706,.0004545
.0015616,.0012438
.0034237,.002727
.0001427,.0001136
.0025678,.0020452
.0001427,.0001136
.000428,.0003409
.00007,.0000557
.000428,.0003409
.0001356,.000108
.0002853,.0002272
.0001427,.0001136
.0009986,.0007954
.0002674,.000213
.0002853,.0002272
.0003404,.0002711
.0002853,.0002272
.000124,.0000987
.0022825,.001818
.0000767,.0000611
.0007133,.0005681
.0000449,.0000357
.0001427,.0001136
.0000682,.0000543
.0001427,.0001136
.0003479,.0002771
.0002853,.0002272
.000666,.0005305
.0011412,.000909
.0001523,.0001213
.0014265,.0011362
.0002853,.0002272
.0208274,.016589
.0001427,.0001136
.0022825,.001818
.0002919,.0002325
.000428,.0003409
.0917261,.0730598
1,.7964998
.0000628,.00005
.0034237,.002727
.000428,.0003409
.003281,.0026133
.0001427,.0001136
.0087019,.006931
.0001457,.0001161
.0054208,.0043177
.0000207,6.39e-06
.0000545,.0000168
.0030399,.0009382
.0030828,.0009514
3.84e-06,1.19e-06
.0000147,4.54e-06
5.61e-06,1.73e-06
.0000761,.0000235
.0000177,5.48e-06
.0000362,.0000112
.0000156,4.82e-06
.0009485,.0002927
4.36e-06,1.35e-06
.0004743,.0001464
4.49e-06,1.39e-06
.0000175,5.39e-06
4.35e-06,1.34e-06
.0000259,7.99e-06
.0004743,.0001464
.0007114,.0002195
.0000449,.0000139
.0001347,.0000416
.0000289,8.92e-06
.0000615,.000019
.000015,4.63e-06
.000034,.0000105
4.77e-06,1.47e-06
.0000174,5.36e-06
.0003255,.0001005
.000638,.0001969
.0000516,.0000159
.0004099,.0001265
4.15e-06,1.28e-06
.0000148,4.55e-06
.0002371,.0000732
.0002371,.0000732
.0001802,.0000556
.000882,.0002722
.0000167,5.17e-06
.0000531,.0000164
.0000113,3.49e-06
.0000533,.0000165
.0002371,.0000732
.0002371,.0000732
.0000199,6.15e-06
.0004743,.0001464
.0000179,5.52e-06
.0000972,.00003
.0001411,.0000435
.0003801,.0001173
8.78e-06,2.71e-06
.0000223,6.87e-06
1,.3086115
2.225753,.686893
.0000522,.0000161
.0000691,.0000213
9.76e-06,3.01e-06
.0000428,.0000132
.0000236,7.29e-06
.0002447,.0000755
8.32e-06,8.18e-06
.0000549,.000054
.0012209,.0012004
.0025251,.0024827
1.54e-06,1.52e-06
5.91e-06,5.81e-06
2.25e-06,2.22e-06
.0000306,.0000301
7.13e-06,7.01e-06
.0000145,.0000143
6.27e-06,6.16e-06
.0006587,.0006477
1.75e-06,1.72e-06
6.92e-06,6.81e-06
1.80e-06,1.77e-06
7.01e-06,6.90e-06
1.75e-06,1.72e-06
.0000549,.000054
.000355,.000349
.0006587,.0006477
.000018,.0000177
.0000541,.0000532
.0000116,.0000114
.0000247,.0000243
6.03e-06,5.93e-06
.0000137,.0000134
1.92e-06,1.88e-06
6.97e-06,6.85e-06
.0001307,.0001286
.0001098,.0001079
.0000207,.0000204
.0001098,.0001079
1.67e-06,1.64e-06
5.93e-06,5.83e-06
.0000181,.0000178
.0000763,.000075
.0000724,.0000711
.0000549,.000054
6.73e-06,6.61e-06
.0000213,.000021
4.54e-06,4.46e-06
.0001647,.0001619
.0001366,.0001343
.0002196,.0002159
8.00e-06,7.86e-06
.0008783,.0008636
7.18e-06,7.06e-06
.0000391,.0000384
.0000567,.0000557
.0000549,.000054
3.53e-06,3.47e-06
.0000549,.000054
.0088379,.0086896
1,.983216
.0000209,.0000206
.0000278,.0000273
3.92e-06,3.85e-06
.0000549,.000054
9.48e-06,9.33e-06
.0000983,.0000966
.0000122,.0000109
.0000771,.000069
.000021,.0000188
.0002314,.0002071
.0000165,.0000148
.0000634,.0000568
.0000123,.000011
.0000771,.000069
.0002314,.0002071
.0002314,.0002071
.0000629,.0000563
.0007712,.0006904
.0000245,.000022
.000097,.0000869
.0000277,.0000248
.0001078,.0000965
.0000309,.0000277
.0001838,.0001646
.0000274,.0000245
.0000893,.0000799
.000058,.0000519
.000174,.0001558
.0000142,.0000127
.0000771,.000069
.0000211,.0000189
.0000478,.0000428
.000013,.0000116
.0000771,.000069
.0001875,.0001679
.0003676,.0003291
.0001542,.0001381
.0003085,.0002761
7.50e-06,6.72e-06
.0000267,.0000239
.0000294,.0000263
.0001238,.0001109
.0000328,.0000293
.0002314,.0002071
.000056,.0000501
.0001773,.0001587
.0000771,.000069
.0007984,.0007147
.0000771,.000069
.0000771,.000069
.0000148,.0000133
.0004627,.0004142
.0000318,.0000285
.0000771,.000069
.0000486,.0000435
.0001309,.0001172
.0002314,.0002071
.0000771,.000069
.0000199,.0000178
.0000771,.000069
1,.8951791
.1098172,.0983061
.0001223,.0001095
.0000771,.000069
.000026,.0000233
.0002698,.0002415
.0000503,.0000373
.0001856,.0001376
.0000869,.0000644
.002784,.0020639
.0001856,.0001376
.0001856,.0001376
.0000508,.0000377
.0006896,.0005113
.0004414,.0003273
.0024128,.0017888
.0002599,.0001927
.0046399,.0034399
.0001015,.0000752
.0004012,.0002974
.0001147,.000085
.0003712,.0002752
.0001277,.0000947
.0003712,.0002752
.0001132,.0000839
.0001856,.0001376
.0002399,.0001779
.0007194,.0005334
.0000586,.0000435
.0001248,.0000925
.0000871,.0000646
.0001975,.0001464
.0000535,.0000397
.0003712,.0002752
.0007753,.0005748
.0003712,.0002752
.0000954,.0000707
.001856,.001376
.000031,.000023
.0001104,.0000819
.0001214,.00009
.0005119,.0003795
.0001354,.0001004
.000663,.0004915
.0002313,.0001715
.0005568,.0004128
.0006998,.0005188
.0033005,.0024469
.0001389,.000103
.0005568,.0004128
.0000613,.0000455
.0074239,.0055038
.0001315,.0000975
.000928,.000688
.0002008,.0001489
.0001856,.0001376
.0001856,.0001376
.000928,.000688
.0000823,.000061
.0029696,.0022015
.3062361,.2270338
1,.7413684
.0005055,.0003748
.0022175,.001644
.0001076,.0000798
.000928,.000688
.0001709,.0001537
.000092,.0000827
7.56e-06,6.80e-06
.0001315,.0001182
.0001315,.0001182
.0000394,.0000355
.0000526,.0000473
.0004469,.0004019
.0000615,.0000553
.0000131,.0000118
.0004601,.0004137
.0035887,.0032267
.0000657,.0000591
.0000394,.0000355
.0001315,.0001182
.0001183,.0001064
.0001332,.0001197
.0000526,.0000473
.0000657,.0000591
.0000387,.0000348
.0000131,.0000118
.000037,.0000333
.0000263,.0000236
.0000265,.0000238
.0000394,.0000355
.0000131,.0000118
.0000131,.0000118
.0001446,.00013
.0000263,.0000236
.0000131,.0000118
.0002235,.0002009
.0009596,.0008628
.0000263,.0000236
.0000452,.0000406
.0000131,.0000118
.0000131,.0000118
.0000105,9.41e-06
.0000512,.0000461
.0000248,.0000223
.0000786,.0000707
.0000263,.0000236
.0002907,.0002614
.0004601,.0004137
.0000526,.0000473
.0000131,.0000118
.0006573,.000591
.0000302,.0000272
.0000394,.0000355
.0001577,.0001418
.000092,.0000827
.0005127,.000461
.0001972,.0001773
7.87e-06,7.07e-06
.0001183,.0001064
.0000394,.0000355
.0000131,.0000118
1,.8991201
.0994978,.0894605
.000092,.0000827
.002261,.0020329
.0001422,.0001233
.0000656,.0000569
.0000164,.0000142
.0008535,.0007399
.0001472,.0001276
.0001422,.0001233
.0000389,.0000337
.0002845,.0002466
.0001329,.0001152
.0001422,.0001233
.0002845,.0002466
.0049787,.0043162
.0003636,.0003153
.0002845,.0002466
.0007488,.0006492
.0012802,.0011099
.0002881,.0002497
.0017141,.001486
.0000256,.0000222
.0000836,.0000725
.0000267,.0000231
.0001422,.0001233
.0000269,.0000234
.0001422,.0001233
.0000724,.0000628
.0001642,.0001423
.0000812,.0000704
.0002952,.0002559
.0001,.0000867
.000196,.0001699
.0000382,.0000331
.0004267,.00037
.0000275,.0000238
.0000977,.0000847
.0000163,.0000142
.0000688,.0000597
.0000226,.0000196
.0001108,.0000961
.0000536,.0000465
.00017,.0001473
.0001333,.0001156
.0001422,.0001233
.0000411,.0000356
.0001489,.0001291
.0000257,.0000222
.0018492,.0016032
.0000653,.0000566
.0003552,.0003079
.0000565,.000049
.0001524,.0001321
.0005669,.0004915
.000569,.0004933
.000017,.0000148
.0008535,.0007399
.0005584,.0004841
.0007399,.0006414
.1325747,.114934
1,.8669377
.0000548,.0000475
.0002845,.0002466
.0001087,.0000379
.0023923,.0008346
.0001486,.0000518
.0138104,.0048182
.0001087,.0000379
.0006525,.0002276
.000435,.0001518
.0055459,.0019348
.0001456,.0000508
.0015224,.0005311
.0013049,.0004553
.0244672,.0085361
.0002249,.0000785
.0013049,.0004553
.0003262,.0001138
.0040235,.0014037
.0001087,.0000379
.000435,.0001518
.0002557,.0000892
.0030448,.0010623
.0002138,.0000746
.000435,.0001518
.0002977,.0001039
.0014137,.0004932
.0001087,.0000379
.0021749,.0007588
.0003008,.0001049
.0017399,.000607
.0005738,.0002002
.0034798,.001214
.0002175,.0000759
.0120705,.0042111
.0001087,.0000379
.0015224,.0005311
.0001652,.0000577
.000435,.0001518
.0002918,.0001018
.0026098,.0009105
.0000926,.0000323
.0008699,.0003035
.0001006,.0000351
.0016311,.0005691
.0008924,.0003113
.0021749,.0007588
.0036973,.0012899
.0625272,.0218145
.0001503,.0000524
.0029361,.0010243
.0003167,.0001105
.0040235,.0014037
.0001656,.0000578
.0020661,.0007208
.0001918,.0000669
.0082645,.0028833
.0001087,.0000379
.0015224,.0005311
.0002175,.0000759
.0096781,.0033765
1,.3488799
1.676164,.5847799
.0005767,.000514
.0006553,.000584
.0000613,.0000546
.0073722,.0065705
.0000365,.0000326
.0006553,.000584
.0001638,.000146
.0011468,.0010221
.0000601,.0000536
.0001226,.0001092
.0006029,.0005373
.0155636,.0138711
.0000928,.0000827
.0008191,.0007301
.0000587,.0000523
.0004915,.000438
.0000971,.0000866
.0001638,.000146
.0001055,.000094
.0001638,.000146
.0000882,.0000786
.0001638,.000146
.0001228,.0001095
.0001638,.000146
.0001638,.000146
.0003277,.000292
.0001241,.0001106
.0011468,.0010221
.0002367,.000211
.0008191,.0007301
.0017417,.0015523
.0034404,.0030662
.0001638,.000146
.0013106,.0011681
.0000682,.0000608
.0008191,.0007301
.0001204,.0001073
.0011468,.0010221
.0000382,.0000341
.0004915,.000438
.0000415,.000037
.0008191,.0007301
.0003682,.0003281
.0008191,.0007301
.0001638,.000146
.037844,.0337287
.000062,.0000553
.000983,.0008761
.0001306,.0001164
.0006553,.000584
.0001638,.000146
.0004915,.000438
.0000791,.0000705
.0029489,.0026282
.0002284,.0002036
.0004915,.000438
.0001052,.0000938
.0032765,.0029202
.0306356,.0273041
1,.8912541
